ink_name,name
Aurora Black,aurora_black
Aurora Blue,aurora_blue
Blackstone Barrier Reef Blue,blackstone_barrier_reef_blue
Caran d'Ache Caribbean Sea,caran_d_ache_caribbean_sea
Caran d'Ache Cosmic Black,caran_d_ache_cosmic_black
Caran d'Ache Delicate Green,caran_d_ache_delicate_green
Caran d'Ache Divine Pink,caran_d_ache_divine_pink
Caran d'Ache Hypnotic Turquoise,caran_d_ache_hypnotic_turquoise
Caran d'Ache Infra Red,caran_d_ache_infra_red
Caran d'Ache UltraViolet,caran_d_ache_ultra_violet
Chesterfield Amethyst,chesterfield_amethyst
Chesterfield Antique Jade,chesterfield_antique_jade
Chesterfield Antique Mariner,chesterfield_antique_mariner
Chesterfield Antique Walnut,chesterfield_antique_walnut
Chesterfield Antique Yankee,chesterfield_antique_yankee
Chesterfield Fire Opal,chesterfield_fire_opal
Chesterfield Garnet,chesterfield_garnet
Chesterfield Siam,chesterfield_siam
Chesterfield Smoked Topaz,chesterfield_smoked_topaz
Chesterfield Teal,chesterfield_teal
De Atramentis Alexander Hamilton,de_atramentis_alexander_hamilton
De Atramentis Aubergine,de_atramentis_aubergine
De Atramentis Black-Brown,de_atramentis_black_brown
De Atramentis Elderberries,de_atramentis_elderberries
De Atramentis Fog Grey,de_atramentis_fog_grey
De Atramentis Herbs de Provence,de_atramentis_herbs_de_provence
De Atramentis Hyacinth,de_atramentis_hyacinth
De Atramentis Indigo Blue,de_atramentis_indigo_blue
De Atramentis Jane Austen,de_atramentis_jane_austen
De Atramentis Khaki,de_atramentis_khaki
De Atramentis Lilac,de_atramentis_lilac
De Atramentis Midnight Blue,de_atramentis_midnight_blue
De Atramentis Petrol,de_atramentis_petrol
De Atramentis Pigeon Blue,de_atramentis_pigeon_blue
De Atramentis R.L. Stevenson,de_atramentis_r_l_stevenson
De Atramentis Rose,de_atramentis_rose
De Atramentis Sepia Brown,de_atramentis_sepia_brown
De Atramentis Steel Blue,de_atramentis_steel_blue
De Atramentis Violets,de_atramentis_violets
Diamine 150th Anniversary 1864 Blue Black,diamine_150_th_anniversary_1864_blue_black
Diamine Ancient Copper,diamine_ancient_copper
Diamine Apple Glory,diamine_apple_glory
Diamine Aqua Lagoon,diamine_aqua_lagoon
Diamine Asa Blue,diamine_asa_blue
Diamine Autumn Oak,diamine_autumn_oak
Diamine Bilberry,diamine_bilberry
Diamine Blue Velvet,diamine_blue_velvet
Diamine Burnt Sienna,diamine_burnt_sienna
Diamine Cerise,diamine_cerise
Diamine Chocolate Brown,diamine_chocolate_brown
Diamine Classic Red,diamine_classic_red
Diamine Coral,diamine_coral
Diamine Crimson,diamine_crimson
Diamine Denim,diamine_denim
Diamine Eau de Nil,diamine_eau_de_nil
Diamine Eclipse,diamine_eclipse
Diamine Emerald,diamine_emerald
Diamine Golden Brown,diamine_golden_brown
Diamine Grape,diamine_grape
Diamine Graphite,diamine_graphite
Diamine Hope Pink,diamine_hope_pink
Diamine Imperial Purple,diamine_imperial_purple
Diamine Jade Green,diamine_jade_green
Diamine Kelly Green,diamine_kelly_green
Diamine Macassar,diamine_macassar
Diamine Majestic Blue,diamine_majestic_blue
Diamine Majestic Purple,diamine_majestic_purple
Diamine Marine,diamine_marine
Diamine Matador,diamine_matador
Diamine Meadow,diamine_meadow
Diamine Mediterranean Blue,diamine_mediterranean_blue
Diamine Midnight Ink,diamine_midnight_ink
Diamine Monaco Red,diamine_monaco_red
Diamine Ochre,diamine_ochre
Diamine Onyx Black,diamine_onyx_black
Diamine Orange,diamine_orange
Diamine Oxblood,diamine_oxblood
Diamine Peach Haze,diamine_peach_haze
Diamine Poppy Red,diamine_poppy_red
Diamine Prussian Blue,diamine_prussian_blue
Diamine Pumpkin,diamine_pumpkin
Diamine Raw Sienna,diamine_raw_sienna
Diamine Red Dragon,diamine_red_dragon
Diamine Regency Blue,diamine_regency_blue
Diamine Registrar's Blue Black,diamine_registrar_s_blue_black
Diamine Saddle Brown,diamine_saddle_brown
Diamine Safari,diamine_safari
Diamine Salamander,diamine_salamander
Diamine Sargasso Sea,diamine_sargasso_sea
Diamine Sepia,diamine_sepia
Diamine Sherwood Green,diamine_sherwood_green
Diamine Shimmertastic Blue Lightning,diamine_shimmertastic_blue_lightning
Diamine Shimmertastic Blue Pearl,diamine_shimmertastic_blue_pearl
Diamine Shimmertastic Brandy Dazzle,diamine_shimmertastic_brandy_dazzle
Diamine Shimmertastic Golden Sands,diamine_shimmertastic_golden_sands
Diamine Shimmertastic Magical Forest,diamine_shimmertastic_magical_forest
Diamine Shimmertastic Purple Pazazz,diamine_shimmertastic_purple_pazazz
Diamine Shimmertastic Red Lustre,diamine_shimmertastic_red_lustre
Diamine Shimmertastic Shimmering Seas,diamine_shimmertastic_shimmering_seas
Diamine Silver Fox,diamine_silver_fox
Diamine Soft Mint,diamine_soft_mint
Diamine Steel Blue,diamine_steel_blue
Diamine Sunset,diamine_sunset
Diamine Sunshine Yellow,diamine_sunshine_yellow
Diamine Syrah,diamine_syrah
Diamine Teal,diamine_teal
Diamine Terracotta,diamine_terracotta
Diamine Twilight,diamine_twilight
Diamine Ultra Green,diamine_ultra_green
Diamine Wild Strawberry,diamine_wild_strawberry
Diamine Woodland Green Ink,diamine_woodland_green_ink
Franklin Christoph Terra Firma,franklin_christoph_terra_firma
Graf Von Faber Castell Carbon Black,graf_von_faber_castell_carbon_black
Graf von Faber Castell Hazelnut Brown,graf_von_faber_castell_hazelnut_brown
Graf von Faber Castell Stone Grey,graf_von_faber_castell_stone_grey
Graf von Faber-Castell Deep Sea Green,graf_von_faber_castell_deep_sea_green
Hero 231 Red,hero_231_red
Hero 232 blue/black,hero_232_blue_black
Hero 233 blue,hero_233_blue
Hero 234 black,hero_234_black
J Herbin 1670 Emerald of Chivor,j_herbin_1670_emerald_of_chivor
J Herbin 1670 Rouge Hematite,j_herbin_1670_rouge_hematite
J Herbin 1670 Stormy Gray,j_herbin_1670_stormy_gray
J Herbin Cacao du Brésil,j_herbin_cacao_du_brésil
J Herbin Cafe des Iles,j_herbin_cafe_des_iles
J Herbin Lie de The,j_herbin_lie_de_the
J Herbin Lierre Sauvage,j_herbin_lierre_sauvage
J Herbin Orange Indien,j_herbin_orange_indien
J Herbin Perle Noir,j_herbin_perle_noir
J Herbin Poussiere de Lune,j_herbin_poussiere_de_lune
J Herbin Vert Olive,j_herbin_vert_olive
J Herbin Vert Pre,j_herbin_vert_pre
J Herbin Vert Reseda,j_herbin_vert_reseda
J. Herbin Éclat de Saphir,j_herbin_éclat_de_saphir
J. Herbin Rouge Caroubier,j_herbin_rouge_caroubier
J. Herbin Vert Empire,j_herbin_vert_empire
Kaweco Palm Green,kaweco_palm_green
Kaweco Paradise Blue,kaweco_paradise_blue
KWZ Ink #20,kwz_ink_20
KWZ Ink #26,kwz_ink_26
KWZ Ink #27,kwz_ink_27
KWZ Ink #38,kwz_ink_38
KWZ Ink #46,kwz_ink_46
KWZ Ink #47,kwz_ink_47
KWZ Ink Azure #4,kwz_ink_azure_4
KWZ Ink Cherry,kwz_ink_cherry
KWZ Ink Grass Green,kwz_ink_grass_green
KWZ Ink GummiBerry,kwz_ink_gummi_berry
KWZ Ink Honey,kwz_ink_honey
KWZ Ink Iron Gall Gold,kwz_ink_iron_gall_gold
KWZ Ink Iron Gall Gummiberry,kwz_ink_iron_gall_gummiberry
KWZ Ink Iron Gall Turquoise,kwz_ink_iron_gall_turquoise
KWZ Ink Menthol Green,kwz_ink_menthol_green
KWZ Ink Old Gold,kwz_ink_old_gold
Lamy Dark Lilac,lamy_dark_lilac
Lamy Neon Lime,lamy_neon_lime
Lamy Petrol,lamy_petrol
Lamy Turquoise,lamy_turquoise
Levenger Cardinal Red,levenger_cardinal_red
Levenger Greystoke,levenger_greystoke
Levenger Pinkly,levenger_pinkly
Levenger True Teal,levenger_true_teal
Montblanc Albert Einstein,montblanc_albert_einstein
Montblanc Alfred Hitchcock ,montblanc_alfred_hitchcock
Montblanc Bohème Blue,montblanc_bohème_blue
Montblanc Corn Poppy Red,montblanc_corn_poppy_red
Montblanc Daniel Defoe Palm Green,montblanc_daniel_defoe_palm_green
Montblanc for BMW,montblanc_for_bmw
Montblanc Honore de Balzac Dandy Turquoise,montblanc_honore_de_balzac_dandy_turquoise
Montblanc Ink of Friendship,montblanc_ink_of_friendship
Montblanc Irish Green,montblanc_irish_green
Montblanc JFK Navy Blue,montblanc_jfk_navy_blue
Montblanc Lavender Purple,montblanc_lavender_purple
Montblanc Leo Tolstoy Sky Blue,montblanc_leo_tolstoy_sky_blue
Montblanc Leonardo da Vinci Red Chalk,montblanc_leonardo_da_vinci_red_chalk
Montblanc Meisterstück 90 years Permanent Grey,montblanc_meisterstück_90_years_permanent_grey
Montblanc Meisterstück Blue Hour Twilight Blue,montblanc_meisterstück_blue_hour_twilight_blue
Montblanc Meisterstück Diamond,montblanc_meisterstück_diamond
Montblanc Meisterstück Ultra Black,montblanc_meisterstück_ultra_black
Montblanc Midnight Blue (2013),montblanc_midnight_blue_2013
Montblanc Mystery Black,montblanc_mystery_black
Montblanc Oyster Grey,montblanc_oyster_grey
Montblanc Pink,montblanc_pink
Montblanc Racing Green,montblanc_racing_green
Montblanc Royal Blue,montblanc_royal_blue
Montblanc Toffee Brown,montblanc_toffee_brown
Montblanc Violet,montblanc_violet
Montblanc William Shakespeare Velvet red,montblanc_william_shakespeare_velvet_red
Montegrappa Bordeaux,montegrappa_bordeaux
Monteverde Brown,monteverde_brown
Noodler's #41 Brown,noodler_s_41_brown
Noodler's 54th Massachusetts,noodler_s_54_th_massachusetts
Noodler's Air Corp Blue Black,noodler_s_air_corp_blue_black
Noodler's Antietam,noodler_s_antietam
Noodler's Apache Sunset,noodler_s_apache_sunset
Noodler's Army Green,noodler_s_army_green
Noodler's Bad Belted Kingfisher,noodler_s_bad_belted_kingfisher
Noodler's Bad Blue Heron,noodler_s_bad_blue_heron
Noodler's Baystate Blue,noodler_s_baystate_blue
Noodler's Baystate Concord Grape,noodler_s_baystate_concord_grape
Noodler's Baystate Cranberry,noodler_s_baystate_cranberry
Noodler's Beaver,noodler_s_beaver
Noodler's Bernanke Black,noodler_s_bernanke_black
Noodler's Bernanke Blue,noodler_s_bernanke_blue
Noodler's Berning Red,noodler_s_berning_red
Noodler's Black 2,noodler_s_black_2
Noodler's Black Eel,noodler_s_black_eel
Noodler's Black Swan in Australian Roses,noodler_s_black_swan_in_australian_roses
Noodler's Blue Eel,noodler_s_blue_eel
Noodler's Blue Upon the Plains of Abraham,noodler_s_blue_upon_the_plains_of_abraham
Noodler's Bluerase,noodler_s_bluerase
Noodler's Borealis Black,noodler_s_borealis_black
Noodler's Brown,noodler_s_brown
Noodler's Bulletproof Black,noodler_s_bulletproof_black
Noodler's Burgundy,noodler_s_burgundy
Noodler's Burma Road Brown,noodler_s_burma_road_brown
Noodler's Cactus Fruit Eel,noodler_s_cactus_fruit_eel
Noodler's Cayenne,noodler_s_cayenne
Noodler's Concord Bream,noodler_s_concord_bream
Noodler's Dark Matter,noodler_s_dark_matter
Noodler's Dragon Catfish Green,noodler_s_dragon_catfish_green
Noodler's Dragon Napalm,noodler_s_dragon_napalm
Noodler's El Lawrence,noodler_s_el_lawrence
Noodler's Firefly,noodler_s_firefly
Noodler's Fox,noodler_s_fox
Noodler's General of the Armies,noodler_s_general_of_the_armies
Noodler's Golden Brown,noodler_s_golden_brown
Noodler's Green Marine,noodler_s_green_marine
Noodler's Gruene Cactus,noodler_s_gruene_cactus
Noodler's Gruene Cactus  Eel,noodler_s_gruene_cactus_eel
Noodler's Habanero,noodler_s_habanero
Noodler's Heart of Darkness,noodler_s_heart_of_darkness
Noodler's Hellfire HL,noodler_s_hellfire_hl
Noodler's Hunter Green,noodler_s_hunter_green
Noodler's Kiowa Pecan,noodler_s_kiowa_pecan
Noodler's Kung-Te-Cheng,noodler_s_kung_te_cheng
Noodler's La Couleur Royale,noodler_s_la_couleur_royale
Noodler's La Couleur Royale 2,noodler_s_la_couleur_royale_2
Noodler's La Reine Mauve,noodler_s_la_reine_mauve
Noodler's Lexington Gray,noodler_s_lexington_gray
Noodler's Liberty's Elysium,noodler_s_liberty_s_elysium
Noodler's Lightning Blue,noodler_s_lightning_blue
Noodler's Luxury Blue,noodler_s_luxury_blue
Noodler's Navajo Turquoise,noodler_s_navajo_turquoise
Noodler's Navy,noodler_s_navy
Noodler's Nightshade,noodler_s_nightshade
Noodler's Nikita,noodler_s_nikita
Noodler's Ottoman Azure,noodler_s_ottoman_azure
Noodler's Park (Sang Hak) Red,noodler_s_park_sang_hak_red
Noodler's Polar Blue,noodler_s_polar_blue
Noodler's Purple,noodler_s_purple
Noodler's Purple Wampum,noodler_s_purple_wampum
Noodler's Rachmaninoff,noodler_s_rachmaninoff
Noodler's Raven Black,noodler_s_raven_black
Noodler's Red,noodler_s_red
Noodler's Red-Black,noodler_s_red_black
Noodler's Rome Burning,noodler_s_rome_burning
Noodler's Saguaro Wine,noodler_s_saguaro_wine
Noodler's Sequoia,noodler_s_sequoia
Noodler's Shah's Rose,noodler_s_shah_s_rose
Noodler's Squeteague,noodler_s_squeteague
Noodler's Turquoise,noodler_s_turquoise
Noodler's Turquoise Eel,noodler_s_turquoise_eel
Noodler's V-Mail Burma Road Brown,noodler_s_v_mail_burma_road_brown
Noodler's V-Mail GI Green,noodler_s_v_mail_gi_green
Noodler's V-Mail Mandalay Maroon,noodler_s_v_mail_mandalay_maroon
Noodler's V-Mail Midway Blue,noodler_s_v_mail_midway_blue
Noodler's V-Mail North African Violet,noodler_s_v_mail_north_african_violet
Noodler's V-Mail Operation Overlord Orange,noodler_s_v_mail_operation_overlord_orange
Noodler's V-Mail Rabual Red,noodler_s_v_mail_rabual_red
Noodler's Violet,noodler_s_violet
Noodler's Walnut,noodler_s_walnut
Noodler's X-feather,noodler_s_x_feather
Noodler's Yellow,noodler_s_yellow
Noodler's Zhivago,noodler_s_zhivago
Omas Green,omas_green
Omas Turquoise,omas_turquoise
Omas Violet,omas_violet
Organics Studio Blue Merle,organics_studio_blue_merle
Organics Studio Edgar Allan Poe,organics_studio_edgar_allan_poe
Organics Studio Jane Austen,organics_studio_jane_austen
Organics Studio John Hancock,organics_studio_john_hancock
Organics Studio Join or Die,organics_studio_join_or_die
Organics Studio Marie Curie's Radium,organics_studio_marie_curie_s_radium
Organics Studio Mercury,organics_studio_mercury
Organics Studio Walt Whitman,organics_studio_walt_whitman
P.W. Akkerman #5 Shocking Blue,p_w_akkerman_5_shocking_blue
P.W. Akkerman #21 ChinaTown Red,p_w_akkerman_21_china_town_red
Parker Penman Sapphire,parker_penman_sapphire
Parker Quink Blue-Black,parker_quink_blue_black
Parker Quink MicroFilm Black for VMAIL,parker_quink_micro_film_black_for_vmail
Pelikan Brilliant Black,pelikan_brilliant_black
Pelikan Edelstein Amber (Ink of the year 2013),pelikan_edelstein_amber_ink_of_the_year_2013
Pelikan Edelstein Amethyst,pelikan_edelstein_amethyst
Pelikan Edelstein Aquamarine,pelikan_edelstein_aquamarine
Pelikan Edelstein Aventurine,pelikan_edelstein_aventurine
Pelikan Edelstein Garnet (Ink of the year 2014),pelikan_edelstein_garnet_ink_of_the_year_2014
Pelikan Edelstein Jade,pelikan_edelstein_jade
Pelikan Edelstein Mandarin,pelikan_edelstein_mandarin
Pelikan Edelstein Onyx,pelikan_edelstein_onyx
Pelikan Edelstein Tanzanite,pelikan_edelstein_tanzanite
Pelikan Edelstein Topaz,pelikan_edelstein_topaz
Pelikan Edelstein Turmaline (Ink of the year 2012),pelikan_edelstein_turmaline_ink_of_the_year_2012
Pelikan Fount India,pelikan_fount_india
Pelikan m205 Duo Green Highlighter,pelikan_m_205_duo_green_highlighter
Pilot Iroshizuku Aji-sai,pilot_iroshizuku_aji_sai
Pilot Iroshizuku Ama-Iro,pilot_iroshizuku_ama_iro
Pilot Iroshizuku Asa-gao,pilot_iroshizuku_asa_gao
Pilot Iroshizuku Chiku-Rin,pilot_iroshizuku_chiku_rin
Pilot Iroshizuku Fuyu-gaki,pilot_iroshizuku_fuyu_gaki
Pilot Iroshizuku Fuyu-Syogun,pilot_iroshizuku_fuyu_syogun
Pilot Iroshizuku Kon-peki,pilot_iroshizuku_kon_peki
Pilot Iroshizuku Kon-peki,pilot_iroshizuku_kon_peki
Pilot Iroshizuku Kosumosu,pilot_iroshizuku_kosumosu
Pilot Iroshizuku Ku-jaku,pilot_iroshizuku_ku_jaku
Pilot Iroshizuku Mom-iji,pilot_iroshizuku_mom_iji
Pilot Iroshizuku Murasaki-Shikibu,pilot_iroshizuku_murasaki_shikibu
Pilot Iroshizuku Shin-Kai,pilot_iroshizuku_shin_kai
Pilot Iroshizuku Shin-ryoku,pilot_iroshizuku_shin_ryoku
Pilot Iroshizuku Syo-ro,pilot_iroshizuku_syo_ro
Pilot Iroshizuku Take-Sumi,pilot_iroshizuku_take_sumi
Pilot Iroshizuku Tsuki-yo,pilot_iroshizuku_tsuki_yo
Pilot Iroshizuku Tsukushi,pilot_iroshizuku_tsukushi
Pilot Iroshizuku Tsutsuji,pilot_iroshizuku_tsutsuji
Pilot Iroshizuku Tsuyu-kusa,pilot_iroshizuku_tsuyu_kusa
Pilot Iroshizuku Yama-Budo,pilot_iroshizuku_yama_budo
Pilot Iroshizuku Yu-yake,pilot_iroshizuku_yu_yake
Platinum Carbon Black,platinum_carbon_black
Private Reserve American Blue,private_reserve_american_blue
Private Reserve Arabian Rose,private_reserve_arabian_rose
Private Reserve Avacado,private_reserve_avacado
Private Reserve Black Cherry,private_reserve_black_cherry
Private Reserve Blue Suede (new formula),private_reserve_blue_suede_new_formula
Private Reserve Blue Suede (original),private_reserve_blue_suede_original
Private Reserve Burgundy Mist,private_reserve_burgundy_mist
Private Reserve Buttercup,private_reserve_buttercup
Private Reserve Cadillac Green,private_reserve_cadillac_green
Private Reserve Candy Apple Red Chromium,private_reserve_candy_apple_red_chromium
Private Reserve Chocolat,private_reserve_chocolat
Private Reserve Copper Burst,private_reserve_copper_burst
Private Reserve Dakota Red,private_reserve_dakota_red
Private Reserve DC Supershow Blue,private_reserve_dc_supershow_blue
Private Reserve DC Supershow Violet,private_reserve_dc_supershow_violet
Private Reserve Ebony Blue,private_reserve_ebony_blue
Private Reserve Electric DC Blue,private_reserve_electric_dc_blue
Private Reserve Gray Flannel,private_reserve_gray_flannel
Private Reserve Lake Placid Blue,private_reserve_lake_placid_blue
Private Reserve Midnight Blues,private_reserve_midnight_blues
Private Reserve Naples Blue,private_reserve_naples_blue
Private Reserve Orange Crush,private_reserve_orange_crush
Private Reserve Plum,private_reserve_plum
Private Reserve Purple Mojo,private_reserve_purple_mojo
Private Reserve Sepia,private_reserve_sepia
Private Reserve Sherwood Green,private_reserve_sherwood_green
Private Reserve Shoreline Gold,private_reserve_shoreline_gold
Private Reserve Sonic Blue,private_reserve_sonic_blue
Private Reserve Spearmint,private_reserve_spearmint
Private Reserve Tanzanite Ink,private_reserve_tanzanite_ink
Private Reserve Tropical Blue,private_reserve_tropical_blue
Private Reserve Vampire Red,private_reserve_vampire_red
Robert Oster Signature Australian Sky,robert_oster_signature_australian_sky
Robert Oster Signature Blue Sea,robert_oster_signature_blue_sea
Robert Oster Signature Bondi Blue,robert_oster_signature_bondi_blue
Robert Oster Signature Deep sea,robert_oster_signature_deep_sea
Robert Oster Signature Emerald,robert_oster_signature_emerald
Robert Oster Signature Ever Green,robert_oster_signature_ever_green
Robert Oster Signature Fire & Ice,robert_oster_signature_fire_ice
Robert Oster Signature Graphite,robert_oster_signature_graphite
Robert Oster Signature Green Lime,robert_oster_signature_green_lime
Robert Oster Signature Jade,robert_oster_signature_jade
Robert Oster Signature Purple Rock,robert_oster_signature_purple_rock
Robert Oster Signature School Blue,robert_oster_signature_school_blue
Robert Oster Signature Tranquility,robert_oster_signature_tranquility
Rohrer & Klingner Alt-Goldgrun,rohrer_klingner_alt_goldgrun
Rohrer & Klingner Helianthus,rohrer_klingner_helianthus
Rohrer & Klingner Salix,rohrer_klingner_salix
Rohrer & Klingner Scabiosa,rohrer_klingner_scabiosa
Rohrer & Klingner Sepia,rohrer_klingner_sepia
Rohrer & Klingner Solferino,rohrer_klingner_solferino
Rohrer & Klingner Verdura,rohrer_klingner_verdura
Sailor BungBox 88 Green Tea,sailor_bung_box_88_green_tea
Sailor BungBox Cherry Blossom,sailor_bung_box_cherry_blossom
Sailor BungBox Fresh Oranges of Lake Hamana,sailor_bung_box_fresh_oranges_of_lake_hamana
Sailor BungBox Fuji Blue,sailor_bung_box_fuji_blue
Sailor BungBox Hatsuyume Aofuji,sailor_bung_box_hatsuyume_aofuji
Sailor BungBox June Bride,sailor_bung_box_june_bride
Sailor BungBox Kotohogi Kurenai,sailor_bung_box_kotohogi_kurenai
Sailor BungBox L'Amant,sailor_bung_box_l_amant
Sailor BungBox Mother Pink,sailor_bung_box_mother_pink
Sailor BungBox Norwegian Wood,sailor_bung_box_norwegian_wood
Sailor BungBox Omaezaki Sea,sailor_bung_box_omaezaki_sea
Sailor BungBox Omaezaki Sky,sailor_bung_box_omaezaki_sky
Sailor BungBox Omaezaki Sunset,sailor_bung_box_omaezaki_sunset
Sailor BungBox Piano mahogany,sailor_bung_box_piano_mahogany
Sailor BungBox Sapphire,sailor_bung_box_sapphire
Sailor BungBox Sweet Love Pink,sailor_bung_box_sweet_love_pink
Sailor BungBox Sweet Potato Purple,sailor_bung_box_sweet_potato_purple
Sailor BungBox Sweet Potato Yellow,sailor_bung_box_sweet_potato_yellow
Sailor BungBox Tangerine,sailor_bung_box_tangerine
Sailor BungBox Tears of a Clown Ruby,sailor_bung_box_tears_of_a_clown_ruby
Sailor BungBox Tsuyuhikari Light Soup Green,sailor_bung_box_tsuyuhikari_light_soup_green
Sailor BungBox Valentines chocolate,sailor_bung_box_valentines_chocolate
Sailor Jentle Apricot,sailor_jentle_apricot
Sailor Jentle Chu-Shu,sailor_jentle_chu_shu
Sailor Jentle Doyou,sailor_jentle_doyou
Sailor Jentle Fuji-Musume,sailor_jentle_fuji_musume
Sailor Jentle Grenade,sailor_jentle_grenade
Sailor Jentle Irori,sailor_jentle_irori
Sailor Jentle Kin-Mokusei,sailor_jentle_kin_mokusei
Sailor Jentle Miruai,sailor_jentle_miruai
Sailor Jentle Nioi-Sumire,sailor_jentle_nioi_sumire
Sailor Jentle Oku Yama,sailor_jentle_oku_yama
Sailor Jentle Osmanthus,sailor_jentle_osmanthus
Sailor Jentle Rikyu-Cha,sailor_jentle_rikyu_cha
Sailor Jentle Sakura Mori,sailor_jentle_sakura_mori
Sailor Jentle Shigure,sailor_jentle_shigure
Sailor Jentle Sky High,sailor_jentle_sky_high
Sailor Jentle Souten,sailor_jentle_souten
Sailor Jentle Tokiwa Matsu,sailor_jentle_tokiwa_matsu
Sailor Jentle Waka-Uguisu,sailor_jentle_waka_uguisu
Sailor Jentle Yama-dori,sailor_jentle_yama_dori
Sailor Jentle Yuki-Akari,sailor_jentle_yuki_akari
Sailor Kingdom Note Dorcus Hopei Binodulosus,sailor_kingdom_note_dorcus_hopei_binodulosus
Sailor Kiwa-Guro,sailor_kiwa_guro
Sailor Maruzen Athena Black,sailor_maruzen_athena_black
Sailor Maruzen Athena Eternal Blue,sailor_maruzen_athena_eternal_blue
Sailor Nano Sei Boku,sailor_nano_sei_boku
Sailor Storia Balloon Green,sailor_storia_balloon_green
Sailor Storia Clown Yellow Green,sailor_storia_clown_yellow_green
Sailor Storia Dancer Pink,sailor_storia_dancer_pink
Sailor Storia Fire Red,sailor_storia_fire_red
Sailor Storia Lion Light Brown,sailor_storia_lion_light_brown
Sailor Storia Magic Purple,sailor_storia_magic_purple
Sailor Storia Night Blue,sailor_storia_night_blue
Sailor Storia Spotlight Yellow,sailor_storia_spotlight_yellow
Sanford's Penit Cardinal Red,sanford_s_penit_cardinal_red
Seitz-Kreuznach Cinnamon Brown - Zimtbraun,seitz_kreuznach_cinnamon_brown_zimtbraun
Seitz-Kreuznach Dark Orchid - Orchideen Violett,seitz_kreuznach_dark_orchid_orchideen_violett
Sheaffer Blue/Black,sheaffer_blue_black
Sheaffer Brown,sheaffer_brown
Sheaffer King's Gold,sheaffer_king_s_gold
Sheaffer Skrip Lavender,sheaffer_skrip_lavender
Sheaffer Skrip Red,sheaffer_skrip_red
Sheaffer Washable Blue,sheaffer_washable_blue
Stipula Sepia,stipula_sepia
Toucan Sienna,toucan_sienna
Visconti Blue,visconti_blue
Visconti Sepia,visconti_sepia
Visconti Turquoise,visconti_turquoise
Waterman Audacious Red,waterman_audacious_red
Waterman Harmonious Green,waterman_harmonious_green
Waterman Inspired Blue,waterman_inspired_blue
Chesterfield Antique Copper,chesterfield_antique_copper
Chesterfield Antique Crimson,chesterfield_antique_crimson
Chesterfield Antique Orchid,chesterfield_antique_orchid
Chesterfield Antique Raspberry,chesterfield_antique_raspberry
Chesterfield Antique Raven,chesterfield_antique_raven
Chesterfield Antique Shamrock,chesterfield_antique_shamrock
Chesterfield Antique Slate,chesterfield_antique_slate
Chesterfield Erinite,chesterfield_erinite
Chesterfield Obsidian,chesterfield_obsidian
De Atramentis Gold,de_atramentis_gold
Noodler's Whiteness of the Whale,noodler_s_whiteness_of_the_whale
